year,month,days_present,days_in_month,coverage,tmean,tmax_mean,tmin_mean,precp_total,rain_days_1,sunshine_total,tsoil0_mean
1990,1,31,31,0.290,,,,,,,
1990,2,28,28,1.000,15.554,19.711,13.264,233.500,13.000,68.500,
1990,3,31,31,1.000,15.558,20.132,12.803,133.500,14.000,77.800,
1990,4,30,30,1.000,18.103,22.827,15.323,506.000,20.000,52.200,
1990,5,31,31,1.000,21.587,26.932,18.745,217.500,18.000,85.000,
1990,6,30,30,1.000,23.053,28.567,19.947,608.000,17.000,141.300,
1990,7,31,31,1.000,23.729,30.232,20.010,196.500,6.000,180.500,
1990,8,31,31,1.000,23.252,29.161,19.548,939.500,19.000,172.500,
1990,9,30,30,0.967,21.376,27.062,18.486,709.000,13.000,122.000,
1990,10,31,31,0.968,17.797,21.617,15.840,70.500,6.000,93.000,
1990,11,30,30,0.533,,,,,,83.500,
1990,12,31,31,0.548,,,,,,72.500,
1991,1,31,31,1.000,11.061,14.510,9.094,240.000,18.000,18.000,
1991,2,28,28,1.000,11.571,15.686,9.436,131.500,13.000,42.000,
1991,3,31,31,1.000,15.068,20.045,12.135,131.000,14.000,94.000,
1991,4,30,30,1.000,17.297,23.107,13.967,118.000,9.000,96.500,
1991,5,31,31,1.000,20.629,27.297,16.639,117.500,5.000,204.000,
1991,6,30,30,1.000,22.720,29.700,19.243,553.500,16.000,187.700,
1991,7,31,31,1.000,24.171,31.555,20.152,119.000,6.000,255.000,
1991,8,31,31,1.000,23.213,30.442,19.542,163.500,9.000,241.500,
1991,9,30,30,1.000,21.303,26.067,18.830,702.000,17.000,122.000,
1991,10,31,31,1.000,16.865,20.561,14.694,293.500,21.000,70.000,
1991,11,30,30,1.000,14.903,18.767,12.743,149.500,17.000,90.000,
1991,12,31,31,1.000,13.265,18.326,10.545,97.500,12.000,120.000,
1992,1,31,31,1.000,10.535,14.013,8.452,148.500,17.000,54.500,
1992,2,29,29,1.000,10.690,14.517,8.034,500.000,19.000,82.000,
1992,3,31,31,1.000,13.861,19.800,11.255,231.000,14.000,84.000,
1992,4,30,30,1.000,16.653,22.753,13.520,236.000,18.000,112.000,
1992,5,31,31,1.000,18.610,24.300,15.339,282.500,20.000,123.800,
1992,6,30,30,1.000,21.410,27.613,18.113,294.500,17.000,149.300,
1992,7,31,31,1.000,23.719,31.290,19.581,157.000,6.000,214.400,
1992,8,31,31,1.000,22.977,29.432,19.681,658.500,18.000,171.000,
1992,9,30,30,1.000,21.357,27.503,18.390,558.000,14.000,156.000,
1992,10,31,31,1.000,16.613,20.484,14.419,342.000,16.000,92.000,
1992,11,30,30,1.000,14.727,19.753,11.933,222.500,15.000,119.600,
1992,12,31,31,1.000,13.645,17.929,11.165,129.000,13.000,111.600,
1993,1,31,31,0.903,12.654,16.193,10.296,,,101.000,
1993,2,28,28,1.000,15.218,20.414,12.325,74.500,11.000,108.000,
1993,3,31,31,1.000,16.184,21.290,13.294,251.500,21.000,90.000,
1993,4,30,30,1.000,19.020,24.150,16.320,270.500,19.000,76.300,
1993,5,31,31,1.000,22.758,28.690,19.565,199.000,16.000,,
1993,6,30,30,0.533,,,,,,,
1993,7,31,31,1.000,27.152,35.274,23.177,75.500,7.000,,
1993,8,31,31,1.000,26.458,34.010,22.652,174.000,8.000,,
1993,9,30,30,1.000,24.710,31.367,21.123,88.000,7.000,,
1993,10,31,31,1.000,20.719,25.516,18.119,178.000,16.000,,
1993,11,30,30,0.733,,,,,,105.900,
1993,12,31,31,0.903,14.900,19.557,12.532,,,,
1994,1,31,31,1.000,14.432,18.784,11.829,117.500,14.000,64.700,
1994,2,28,28,1.000,14.721,18.882,12.268,309.500,18.000,55.700,
1994,3,31,31,1.000,15.239,19.819,12.487,257.500,16.000,81.200,
1994,4,30,30,1.000,21.643,27.913,18.433,93.500,11.000,,
1994,5,31,31,1.000,23.319,29.597,19.826,250.000,17.000,,
1994,6,30,30,1.000,25.600,32.817,21.977,377.000,12.000,,
1994,7,31,31,1.000,26.903,33.719,23.155,284.000,8.000,143.000,
1994,8,31,31,1.000,26.371,32.823,22.787,679.500,13.000,,
1994,9,30,30,1.000,23.470,29.577,20.017,335.500,10.000,130.800,
1994,10,31,31,1.000,20.752,25.500,18.029,779.000,14.000,55.500,
1994,11,30,30,1.000,19.807,25.537,17.083,50.000,9.000,23.700,
1994,12,31,31,1.000,17.755,21.500,15.629,249.000,19.000,,
1995,1,31,31,1.000,13.684,17.965,11.071,211.500,16.000,,
1995,2,28,28,1.000,12.461,16.057,10.246,339.000,20.000,,
1995,3,31,31,1.000,15.723,20.997,12.594,211.500,17.000,,
1995,4,30,30,1.000,20.433,26.487,17.060,162.000,12.000,,
1995,5,31,31,1.000,22.161,28.297,18.761,270.000,15.000,,
1995,6,30,30,1.000,25.260,32.143,21.317,192.000,14.000,,
1995,7,31,31,1.000,26.445,33.768,22.839,220.000,14.000,,
1995,8,31,31,1.000,26.255,33.458,22.265,193.000,13.000,,
1995,9,30,30,1.000,24.387,30.807,21.033,204.500,11.000,,
1995,10,31,31,1.000,21.832,26.310,19.729,119.500,16.000,,
1995,11,30,30,1.000,17.390,21.753,14.860,165.000,15.000,,
1995,12,31,31,1.000,13.877,17.458,11.855,80.000,12.000,,
1996,1,31,31,1.000,14.203,18.645,11.665,80.500,18.000,,
1996,2,29,29,1.000,13.293,17.700,10.441,196.500,14.000,,
1996,3,31,31,1.000,17.103,23.290,13.829,148.500,14.000,,
1996,4,30,30,1.000,17.307,22.660,14.177,238.000,17.000,,
1996,5,31,31,1.000,21.194,26.535,18.471,273.500,16.000,,
1996,6,30,30,1.000,26.240,34.207,22.150,165.500,10.000,,
1996,7,31,31,1.000,26.539,34.355,22.787,587.000,14.000,,
1996,8,31,31,0.968,26.957,33.840,23.543,301.500,12.000,,
1996,9,30,30,0.667,,,,,,,
1996,10,31,31,0.677,,,,,,,
1996,11,30,30,1.000,19.317,22.050,17.620,206.000,19.000,,
1996,12,31,31,1.000,16.816,22.016,13.894,40.000,9.000,,
1997,1,31,31,1.000,15.561,19.655,13.294,94.500,17.000,,
1997,2,28,28,1.000,16.279,19.725,14.182,268.500,18.000,,
1997,3,31,31,1.000,19.526,25.294,16.239,157.500,12.000,,
1997,4,30,30,1.000,21.747,27.780,18.533,211.000,10.000,,
1997,5,31,31,1.000,24.106,31.439,20.252,171.500,10.000,,
1997,6,30,30,1.000,23.777,30.950,20.503,521.500,19.000,,
1997,7,31,31,1.000,26.003,34.271,21.952,197.500,13.000,,
1997,8,31,31,1.000,25.839,32.177,22.987,836.500,15.000,,
1997,9,30,30,1.000,22.763,29.060,20.063,302.000,16.000,,
1997,10,31,31,1.000,21.271,26.819,18.571,122.500,10.000,,
1997,11,30,30,1.000,19.520,26.000,16.167,46.500,7.000,,
1997,12,31,31,1.000,16.032,20.384,13.781,169.000,18.000,,
1998,1,31,31,1.000,13.868,18.503,11.242,217.000,23.000,,
1998,2,28,28,0.893,,,12.642,,,,
1998,3,31,31,0.903,18.211,24.439,14.786,,,,
1998,4,30,30,1.000,22.033,29.503,18.143,243.500,14.000,,
1998,5,31,31,1.000,23.452,31.187,20.210,433.000,22.000,,
1998,6,30,30,1.000,25.393,32.973,21.720,247.000,15.000,,
1998,7,31,31,0.000,,,,,,,
1998,8,31,31,0.871,,,,,,,
1998,9,30,30,0.900,24.093,30.507,21.007,598.000,15.000,,
1998,10,31,31,1.000,22.971,27.406,20.787,1447.000,18.000,,
1998,11,30,30,0.867,,,,285.500,16.000,,
1998,12,31,31,1.000,18.087,21.455,16.058,291.000,19.000,,
1999,1,31,31,1.000,15.848,20.652,13.697,115.000,15.000,,
1999,2,28,28,1.000,14.954,21.496,11.468,43.000,8.000,,
1999,3,31,31,1.000,18.568,24.065,15.326,208.000,18.000,,
1999,4,30,30,1.000,20.173,26.790,16.560,55.500,10.000,,
1999,5,31,31,1.000,21.448,27.952,17.852,289.500,15.000,,
1999,6,30,30,1.000,25.553,33.520,21.870,531.000,18.000,,
1999,7,31,31,1.000,25.981,33.739,22.661,336.500,17.000,,
1999,8,31,31,1.000,25.387,34.177,21.597,357.500,19.000,,
1999,9,30,30,1.000,24.373,31.457,20.910,217.000,10.000,,
1999,10,31,31,1.000,22.006,27.719,19.532,235.500,12.000,,
1999,11,30,30,1.000,18.917,23.840,16.523,116.000,16.000,,
1999,12,31,31,1.000,15.710,19.413,13.177,259.000,17.000,,
2000,1,31,31,1.000,15.803,20.919,12.929,168.000,15.000,,
2000,2,29,29,0.862,,,,445.500,21.000,,
2000,3,31,31,0.355,,,,155.000,13.000,,
2000,4,30,30,1.000,19.023,24.297,15.900,434.000,22.000,,
2000,5,31,31,1.000,22.852,29.645,19.058,194.500,10.000,,
2000,6,30,30,0.167,,,,,,,
2000,7,31,31,0.806,,,,,,,
2000,8,31,31,1.000,27.261,34.177,23.965,574.000,19.000,,
2000,9,30,30,0.167,,,,,,,
2000,10,31,31,1.000,22.897,28.239,20.342,416.000,17.000,,
2000,11,30,30,0.667,,,,,,,
2000,12,31,31,0.968,17.290,20.973,15.183,334.500,22.000,,
2001,1,31,31,1.000,15.271,21.123,12.116,281.000,16.000,,
2001,2,28,28,1.000,15.957,21.186,12.529,62.000,15.000,,
2001,3,31,31,1.000,16.829,23.452,12.813,197.500,13.000,,
2001,4,30,30,1.000,19.557,25.433,16.270,280.000,19.000,,
2001,5,31,31,1.000,23.290,28.690,20.223,214.000,22.000,,
2001,6,30,30,1.000,26.420,34.550,22.377,627.000,16.000,,
2001,7,31,31,1.000,27.655,35.323,23.606,276.500,14.000,,
2001,8,31,31,1.000,26.597,32.577,23.029,150.500,8.000,,
2001,9,30,30,1.000,23.443,26.980,21.563,2149.000,23.000,,
2001,10,31,31,1.000,20.726,24.435,18.629,233.500,12.000,,
2001,11,30,30,1.000,16.870,20.673,14.383,83.000,11.000,,
2001,12,31,31,1.000,14.955,18.526,12.552,144.500,16.000,,
2002,1,31,31,1.000,13.071,16.803,10.216,116.500,12.000,,
2002,2,28,28,1.000,14.425,18.525,11.721,91.500,10.000,,
2002,3,31,31,1.000,17.829,22.052,15.084,118.500,14.000,,
2002,4,30,30,1.000,20.773,25.737,17.620,37.500,6.000,,
2002,5,31,31,1.000,23.077,28.155,20.032,183.500,8.000,,
2002,6,30,30,1.000,25.137,30.303,21.933,313.500,16.000,,
2002,7,31,31,1.000,26.003,31.032,22.835,459.500,12.000,,
2002,8,31,31,1.000,26.168,31.239,22.965,85.000,8.000,,
2002,9,30,30,1.000,23.543,27.760,21.060,294.000,14.000,,
2002,10,31,31,0.742,,,,,,,
2002,11,30,30,0.800,,,,,,,
2002,12,31,31,1.000,15.548,19.397,13.123,199.000,15.000,,
2003,1,31,31,1.000,12.777,17.023,9.952,90.500,23.000,,
2003,2,28,28,1.000,14.621,19.321,11.550,52.500,12.000,,
2003,3,31,31,1.000,14.932,19.290,12.039,134.000,14.000,,
2003,4,30,30,0.700,,,,,,,
2003,5,31,31,1.000,21.835,26.110,19.090,141.500,11.000,,
2003,6,30,30,1.000,24.120,29.247,21.067,174.000,21.000,,
2003,7,31,31,1.000,27.274,33.277,23.323,19.500,13.000,,
2003,8,31,31,1.000,26.513,32.248,23.097,150.500,9.000,,
2003,9,30,30,1.000,24.687,28.513,22.100,341.000,12.000,,
2003,10,31,31,1.000,20.658,24.987,17.845,142.500,9.000,,
2003,11,30,30,1.000,18.877,21.603,16.977,332.000,18.000,,
2003,12,31,31,1.000,13.913,17.806,11.568,58.000,10.000,,
2004,1,31,31,1.000,12.358,15.919,10.071,165.000,15.000,,
2004,2,29,29,1.000,14.997,19.462,11.969,250.500,8.000,,
2004,3,31,31,1.000,14.687,17.894,12.142,287.000,20.000,,
2004,4,30,30,1.000,19.300,24.220,15.497,177.000,10.000,,
2004,5,31,31,1.000,23.013,28.361,19.526,417.000,13.000,,
2004,6,30,30,1.000,24.103,28.737,21.077,100.000,11.000,,
2004,7,31,31,1.000,25.997,31.600,22.168,326.500,9.000,,
2004,8,31,31,1.000,25.842,31.061,22.761,958.000,19.000,,
2004,9,30,30,1.000,23.780,27.933,21.297,979.000,17.000,,
2004,10,31,31,1.000,18.971,22.761,16.429,554.000,12.000,,
2004,11,30,30,1.000,18.580,22.553,16.170,53.000,10.000,,
2004,12,31,31,1.000,15.613,19.181,13.342,371.500,15.000,,
2005,1,31,31,1.000,12.158,14.790,10.200,131.500,17.000,,
2005,2,28,28,1.000,13.586,17.157,11.064,384.500,21.000,,
2005,3,31,31,1.000,14.174,19.174,10.561,303.500,14.000,,
2005,4,30,30,1.000,19.570,24.250,16.273,67.000,11.000,,
2005,5,31,31,1.000,22.742,27.148,20.248,587.000,22.000,,
2005,6,30,30,1.000,24.820,29.817,21.840,286.500,11.000,,
2005,7,31,31,1.000,26.197,31.639,22.729,354.500,9.000,,
2005,8,31,31,1.000,25.748,30.613,22.777,899.500,14.000,,
2005,9,30,30,1.000,24.897,29.370,21.907,487.500,9.000,,
2005,10,31,31,1.000,21.074,24.081,19.161,385.000,20.000,,
2005,11,30,30,1.000,19.223,22.733,16.937,42.500,8.000,,
2005,12,31,31,1.000,12.874,16.168,10.639,116.500,15.000,,
2006,1,31,31,1.000,14.377,17.748,12.219,118.000,11.000,,
2006,2,28,28,1.000,14.529,18.161,11.825,120.000,15.000,,
2006,3,31,31,1.000,15.403,19.606,12.574,263.000,13.000,,
2006,4,30,30,1.000,19.813,24.160,16.933,29.500,3.000,,
2006,5,31,31,1.000,22.142,26.610,19.352,207.500,10.000,,
2006,6,30,30,1.000,24.530,29.843,21.180,,,,
2006,7,31,31,0.323,,,,,,,
2006,8,31,31,0.000,,,,,,,
2006,9,30,30,0.800,,,,,,,
2006,10,31,31,0.000,,,,,,,
2006,11,30,30,1.000,19.293,23.237,17.017,186.000,16.000,,
2006,12,31,31,1.000,15.000,17.955,12.771,255.000,17.000,,
2007,1,31,31,1.000,13.635,16.642,11.345,206.000,16.000,,
2007,2,28,28,1.000,15.764,20.168,12.729,96.500,10.000,,
2007,3,31,31,1.000,16.732,20.848,13.890,270.500,17.000,,
2007,4,30,30,1.000,17.920,21.970,14.963,264.500,17.000,,
2007,5,31,31,0.677,,,,,,,
2007,6,30,30,1.000,24.620,29.557,22.107,588.000,19.000,,
2007,7,31,31,0.774,,,,,,,
2007,8,31,31,0.548,,,,,,,
2007,9,30,30,1.000,23.460,27.250,21.317,704.000,17.000,,
2007,10,31,31,1.000,20.358,22.871,18.777,725.500,18.000,,
2007,11,30,30,1.000,16.673,18.957,15.003,428.500,20.000,,
2007,12,31,31,1.000,15.632,18.710,13.565,43.500,7.000,,
2008,1,31,31,1.000,13.252,16.426,11.123,167.500,19.000,,
2008,2,29,29,1.000,10.403,12.769,8.455,294.500,24.000,,
2008,3,31,31,1.000,16.023,20.552,13.006,179.500,12.000,,
2008,4,30,30,1.000,19.040,23.030,16.337,226.500,16.000,,
2008,5,31,31,1.000,21.394,26.203,17.874,402.000,16.000,,
2008,6,30,30,1.000,23.910,29.610,20.620,327.000,18.000,,
2008,7,31,31,1.000,25.935,30.984,22.516,292.500,7.000,,
2008,8,31,31,1.000,25.848,31.313,22.442,100.500,6.000,,
2008,9,30,30,1.000,23.960,27.773,21.577,,,,
2008,10,31,31,1.000,22.884,27.435,20.206,125.500,11.000,,
2008,11,30,30,1.000,17.473,20.667,15.300,233.000,16.000,,
2008,12,31,31,1.000,14.735,18.842,12.045,137.500,8.000,,
2009,1,31,31,1.000,11.732,14.771,9.526,184.500,14.000,,
2009,2,28,28,1.000,16.607,21.236,13.686,59.000,10.000,,
2009,3,31,31,1.000,14.955,19.026,11.684,237.000,17.000,,
2009,4,30,30,1.000,17.463,21.477,14.270,236.500,14.000,,
2009,5,31,31,1.000,21.390,26.252,17.523,180.500,6.000,,
2009,6,30,30,1.000,24.243,29.977,20.593,418.500,14.000,,
2009,7,31,31,1.000,25.819,30.903,22.445,118.500,9.000,,
2009,8,31,31,1.000,25.565,30.513,22.471,446.000,9.000,,
2009,9,30,30,1.000,24.687,29.163,21.820,261.500,11.000,,
2009,10,31,31,1.000,19.661,22.210,18.119,540.000,18.000,,
2009,11,30,30,1.000,17.213,20.370,15.053,172.000,17.000,,
2009,12,31,31,1.000,13.248,16.732,10.929,175.000,15.000,,
2010,1,31,31,1.000,13.210,16.803,10.519,169.000,17.000,,
2010,2,28,28,0.357,,,,,,,
2010,3,31,31,1.000,16.171,21.213,12.532,57.500,8.000,,
2010,4,30,30,1.000,17.417,21.993,14.217,171.000,19.000,,
2010,5,31,31,1.000,21.297,25.858,18.026,167.500,11.000,,
2010,6,30,30,1.000,21.833,26.353,18.810,469.000,19.000,,
2010,7,31,31,1.000,25.919,31.958,21.829,111.000,7.000,,
2010,8,31,31,1.000,25.529,30.929,21.884,270.500,8.000,,
2010,9,30,30,1.000,24.043,29.253,20.720,252.000,9.000,,
2010,10,31,31,1.000,19.032,22.135,17.139,851.000,24.000,,
2010,11,30,30,1.000,16.570,19.707,14.647,128.000,13.000,,
2010,12,31,31,1.000,13.613,18.294,10.145,120.500,9.000,,
2011,1,31,31,1.000,8.974,11.210,7.110,192.000,25.000,,
2011,2,28,28,1.000,12.736,16.714,10.111,127.000,14.000,,
2011,3,31,31,1.000,11.974,15.358,9.335,158.000,15.000,,
2011,4,30,30,1.000,17.973,23.323,14.050,75.000,5.000,,
2011,5,31,31,1.000,19.961,24.513,16.619,484.500,16.000,,
2011,6,30,30,1.000,23.827,30.387,19.843,534.000,16.000,,
2011,7,31,31,0.935,24.607,30.979,20.707,,,,
2011,8,31,31,1.000,24.529,30.900,20.494,367.000,13.000,,
2011,9,30,30,1.000,22.703,28.027,19.470,67.500,9.000,,
2011,10,31,31,1.000,18.658,21.655,16.861,479.000,17.000,,
2011,11,30,30,0.933,17.593,20.093,15.789,,,,
2011,12,31,31,0.355,,,,,,,
2012,1,31,31,1.000,10.345,12.674,8.868,263.000,20.000,,
2012,2,29,29,1.000,10.886,14.145,8.500,363.500,19.000,,
2012,3,31,31,1.000,13.519,18.552,10.129,121.000,12.000,,
2012,4,30,30,1.000,17.383,22.947,13.833,335.000,22.000,,
2012,5,31,31,1.000,20.087,25.261,16.403,410.000,17.000,,
2012,6,30,30,1.000,20.063,24.673,17.187,691.000,20.000,,
2012,7,31,31,1.000,24.258,29.790,20.148,183.500,11.000,,
2012,8,31,31,0.323,,,,886.500,18.000,,
2012,9,30,30,0.867,,,,648.000,10.000,,
2012,10,31,31,1.000,18.503,22.713,16.013,108.500,11.000,,
2012,11,30,30,0.000,,,,,,,
2012,12,31,31,0.677,,,,,,,
2013,1,31,31,0.645,,,,,,,
2013,2,28,28,0.429,,,,,,,
2013,3,31,31,0.677,,,,,,,
2013,4,30,30,0.133,,,,,,,
2013,5,31,31,0.226,,,,,,,
2013,6,30,30,0.400,,,,,,,
2013,7,31,31,0.581,,,,,,,
2013,8,31,31,0.839,,,,,,,
2013,9,30,30,0.933,24.407,28.936,21.654,,,,
2013,10,31,31,0.903,20.536,24.004,18.757,,,,
2013,11,30,30,0.967,18.055,21.686,15.831,73.500,11.000,,
2013,12,31,31,0.968,13.290,15.633,11.623,365.000,20.000,,
2014,1,31,31,0.774,,,,,,,
2014,2,28,28,0.786,,,,,,,
2014,3,31,31,1.000,15.926,20.023,13.126,189.000,14.000,,
2014,4,30,30,0.833,,,,,,,
2014,5,31,31,0.839,,,,,,,
2014,6,30,30,0.600,,,,,,,
2014,7,31,31,0.871,,,,,,,
2014,8,31,31,0.581,,,,,,,
2014,9,30,30,0.367,,,,,,,
2014,10,31,31,0.323,,,,,,,
2014,11,30,30,0.100,,,,,,,
2014,12,31,31,0.032,,,,,,,
2015,1,31,31,0.097,,,,,,,
2015,2,28,28,0.036,,,,,,,
2015,3,31,31,0.000,,,,,,,
2015,4,30,30,0.000,,,,,,,
2015,5,31,31,0.000,,,,,,,
2015,6,30,30,0.000,,,,,,,
2015,7,31,31,0.000,,,,,,,
2015,8,31,31,0.323,,,,,,,
2015,9,30,30,0.100,,,,,,,
2015,10,31,31,0.032,,,,,,,
2015,11,30,30,0.533,,,,,,,
2015,12,31,31,0.097,,,,274.000,21.000,,
2016,1,31,31,0.871,,,,724.500,24.000,,
2016,2,29,29,1.000,12.614,16.207,10.072,431.000,19.000,,
2016,3,31,31,1.000,14.774,19.161,11.981,600.000,18.000,,
2016,4,30,30,1.000,21.000,25.867,18.020,256.000,15.000,,
2016,5,31,31,0.710,,,,,,,
2016,6,30,30,1.000,25.730,31.907,22.590,462.000,20.000,,
2016,7,31,31,1.000,26.739,32.800,23.271,339.500,10.000,,
2016,8,31,31,1.000,26.129,31.758,22.926,181.500,10.000,,
2016,9,30,30,1.000,24.373,28.623,22.297,1175.500,20.000,,
2016,10,31,31,1.000,23.577,27.526,21.723,571.500,19.000,,
2016,11,30,30,1.000,19.283,22.930,16.550,1268.500,19.000,,
2016,12,31,31,1.000,16.519,19.823,14.461,128.500,11.000,,
2017,1,31,31,1.000,14.935,18.497,12.881,157.000,17.000,,
2017,2,28,28,1.000,13.689,17.561,11.293,326.000,14.000,,
2017,3,31,31,1.000,15.284,19.506,12.739,407.500,18.000,,
2017,4,30,30,1.000,19.243,24.393,15.660,397.500,13.000,,
2017,5,31,31,1.000,22.232,26.855,19.671,195.500,15.000,,
2017,6,30,30,1.000,24.907,30.037,22.180,777.000,17.000,,
2017,7,31,31,0.968,26.880,32.610,23.463,226.500,10.000,,
2017,8,31,31,1.000,27.239,33.552,23.632,76.500,6.000,,
2017,9,30,30,1.000,25.900,31.243,22.883,227.000,8.000,,
2017,10,31,31,1.000,21.823,25.074,20.113,567.000,21.000,,
2017,11,30,30,1.000,19.093,21.953,17.193,422.500,21.000,,
2017,12,31,31,1.000,14.242,16.726,12.597,364.000,20.000,,
2018,1,31,31,0.935,12.521,15.266,10.310,,,,13.503
2018,2,28,28,1.000,11.764,14.789,9.343,276.000,15.000,103.000,12.546
2018,3,31,31,0.742,,,,,,,
2018,4,30,30,0.967,19.086,24.183,15.852,122.500,10.000,229.100,19.779
2018,5,31,31,1.000,23.606,29.035,20.042,89.500,5.000,290.600,24.306
2018,6,30,30,0.700,,,,,,,
2018,7,31,31,0.968,25.673,30.130,22.613,292.000,9.000,285.200,26.160
2018,8,31,31,0.935,25.190,30.079,22.555,,,,26.055
2018,9,30,30,0.967,23.579,27.841,20.914,519.500,13.000,212.000,24.386
2018,10,31,31,0.935,18.831,21.834,16.652,,,,19.841
2018,11,30,30,1.000,18.347,21.300,16.627,108.000,15.000,152.000,19.247
2018,12,31,31,0.968,15.613,18.880,13.010,194.000,19.000,132.000,16.557
2019,1,31,31,0.871,,,,,,,
2019,2,28,28,0.964,14.952,18.178,12.704,81.500,11.000,116.500,16.093
2019,3,31,31,1.000,15.739,19.629,13.010,184.000,17.000,161.200,16.552
2019,4,30,30,0.967,19.966,24.390,17.014,140.500,16.000,208.500,20.676
2019,5,31,31,0.935,20.869,24.448,18.303,,,,21.728
2019,6,30,30,0.967,24.893,29.214,22.210,394.000,17.000,237.600,24.907
2019,7,31,31,1.000,26.416,31.690,23.397,240.500,14.000,289.800,26.319
2019,8,31,31,0.903,26.407,30.911,23.496,,,,26.089
2019,9,30,30,0.967,23.397,26.572,21.355,771.000,16.000,195.300,23.245
2019,10,31,31,1.000,21.087,24.758,18.765,142.000,11.000,201.900,21.106
2019,11,30,30,1.000,18.090,20.897,16.123,118.000,13.000,147.600,17.953
2019,12,31,31,1.000,15.616,18.742,13.348,234.500,14.000,139.900,15.377
2020,1,31,31,1.000,14.371,17.794,11.897,93.000,12.000,156.700,14.368
2020,2,29,29,1.000,15.266,19.279,12.614,52.000,9.000,158.900,15.072
2020,3,31,31,1.000,17.223,21.665,14.284,206.500,13.000,186.500,17.587
2020,4,30,30,1.000,17.250,20.687,14.673,146.500,14.000,159.400,17.257
2020,5,31,31,1.000,23.358,27.694,20.784,500.000,17.000,224.400,23.845
2020,6,30,30,1.000,26.450,31.987,23.150,174.500,11.000,281.900,26.357
2020,7,31,31,1.000,26.545,32.216,23.123,325.500,13.000,290.300,26.181
2020,8,31,31,1.000,26.213,30.819,23.297,297.000,9.000,291.400,25.513
2020,9,30,30,1.000,23.767,28.007,21.190,175.000,13.000,221.300,23.320
2020,10,31,31,1.000,20.716,23.223,18.968,199.500,16.000,147.100,20.210
2020,11,30,30,1.000,19.413,22.010,17.630,185.000,20.000,146.300,18.713
2020,12,31,31,1.000,14.839,16.910,13.465,294.500,22.000,83.600,14.763
2021,1,31,31,1.000,12.497,15.613,10.119,131.500,13.000,148.400,11.977
2021,2,28,28,1.000,15.921,20.071,12.850,101.000,6.000,182.800,15.393
2021,3,31,31,1.000,17.465,21.590,14.706,89.000,10.000,188.400,17.277
2021,4,30,30,1.000,18.857,22.627,16.227,63.000,12.000,220.100,19.007
2021,5,31,31,1.000,24.629,29.910,21.326,294.500,10.000,270.100,24.529
2021,6,30,30,1.000,25.647,30.540,22.377,289.000,13.000,273.000,25.450
2021,7,31,31,1.000,26.610,31.710,23.516,444.500,10.000,290.500,26.528
2021,8,31,31,1.000,25.474,30.261,22.994,509.500,15.000,255.100,26.732
2021,9,30,30,1.000,25.537,30.450,22.483,264.000,10.000,263.200,26.190
2021,10,31,31,1.000,21.777,24.439,20.006,541.000,18.000,179.700,23.355
2021,11,30,30,1.000,17.587,20.367,15.550,166.500,14.000,128.900,19.433
2021,12,31,31,1.000,14.777,17.381,12.897,119.000,12.000,133.700,16.540
2022,1,31,31,1.000,13.771,15.981,12.397,166.500,11.000,100.200,15.439
2022,2,28,28,1.000,13.375,15.568,11.643,365.500,18.000,100.600,14.621
2022,3,31,31,1.000,17.990,22.071,14.768,224.000,13.000,203.600,18.148
2022,4,30,30,1.000,19.073,22.933,16.473,136.000,14.000,206.600,19.427
2022,5,31,31,1.000,20.458,23.558,18.516,620.500,23.000,197.800,21.526
2022,6,30,30,0.667,,,,,,254.100,
2022,7,31,31,1.000,27.065,32.590,23.394,131.500,6.000,306.400,26.694
2022,8,31,31,1.000,26.894,32.532,23.177,53.000,9.000,304.500,26.642
2022,9,30,30,1.000,23.637,27.320,21.037,909.000,14.000,198.300,24.143
2022,10,31,31,1.000,20.806,23.316,19.100,716.500,18.000,134.200,21.845
2022,11,30,30,1.000,20.363,23.507,18.530,216.000,13.000,166.100,21.073
2022,12,31,31,1.000,13.426,15.577,11.710,343.000,22.000,94.000,15.190
2023,1,31,31,1.000,13.781,17.255,11.613,110.000,17.000,134.900,14.890
2023,2,28,28,1.000,14.554,18.121,11.907,99.000,13.000,133.900,15.414
2023,3,31,31,1.000,16.568,20.958,13.603,55.000,8.000,206.800,17.297
2023,4,30,30,1.000,19.313,23.490,16.387,156.000,12.000,193.900,19.833
2023,5,31,31,1.000,22.294,26.732,19.123,280.500,15.000,253.800,23.097
2023,6,30,30,1.000,25.377,30.320,22.530,437.000,17.000,260.100,26.050
2023,7,31,31,1.000,26.848,31.948,23.419,233.500,10.000,291.000,27.806
2023,8,31,31,1.000,26.068,31.206,23.119,351.000,16.000,266.500,27.171
2023,9,30,30,1.000,25.390,30.137,22.377,173.000,11.000,254.200,26.460
2023,10,31,31,1.000,21.681,24.710,19.981,378.000,15.000,182.700,23.039
2023,11,30,30,1.000,18.730,22.440,16.213,100.000,13.000,185.300,19.713
2023,12,31,31,0.968,15.683,18.853,13.390,201.500,18.000,117.000,16.643
2024,1,31,31,1.000,13.500,16.787,10.848,131.500,12.000,146.400,14.019
2024,2,29,29,1.000,14.983,19.155,12.072,103.000,13.000,157.700,15.955
2024,3,31,31,1.000,16.410,20.935,13.248,128.000,10.000,190.600,16.819
2024,4,30,30,1.000,21.890,26.600,18.700,218.500,13.000,216.700,22.207
2024,5,31,31,1.000,22.135,26.358,19.394,230.500,16.000,249.900,23.006
2024,6,30,30,1.000,25.203,30.270,22.303,427.500,18.000,247.600,25.750
2024,7,31,31,1.000,26.755,31.574,23.448,516.000,10.000,281.900,27.316
2024,8,31,31,1.000,26.258,32.058,23.194,261.500,10.000,278.900,27.190
2024,9,30,30,1.000,25.637,29.957,23.193,660.000,17.000,244.500,26.457
2024,10,31,31,0.968,22.717,25.703,20.797,495.000,19.000,177.200,23.670
2024,11,30,30,0.900,18.652,20.848,17.004,,,,20.026
2024,12,31,31,1.000,13.890,16.197,12.074,111.000,16.000,100.200,15.483
2025,1,31,31,1.000,12.468,15.368,10.242,98.500,14.000,146.800,13.235
2025,2,28,28,1.000,13.200,16.446,10.907,211.500,13.000,131.400,14.125
2025,3,31,31,1.000,16.155,20.519,12.790,297.000,13.000,178.200,16.694
2025,4,30,30,1.000,19.667,24.160,16.230,215.500,13.000,218.000,19.717
2025,5,31,31,1.000,22.623,27.216,19.432,425.000,15.000,246.000,23.161
2025,6,30,30,1.000,25.880,30.760,22.807,142.500,15.000,275.500,
2025,7,31,31,1.000,25.874,29.755,23.387,387.500,20.000,267.700,26.657
2025,8,31,31,1.000,26.345,31.490,23.429,247.000,12.000,292.100,27.303
2025,9,30,30,1.000,26.147,30.860,23.387,261.500,11.000,253.600,26.803
2025,10,31,31,0.935,23.862,27.707,21.503,,,,24.193
2025,11,30,30,1.000,18.813,21.770,16.977,341.000,13.000,150.200,19.567
2025,12,31,31,1.000,15.906,18.674,14.097,185.000,16.000,130.500,16.897
2026,1,31,31,1.000,12.955,15.997,10.594,186.500,12.000,152.900,13.742
2026,2,28,28,1.000,15.457,19.589,12.679,82.500,9.000,159.400,15.868
2026,3,31,31,1.000,16.490,20.458,13.848,111.500,11.000,182.100,17.458
2026,4,30,30,1.000,21.013,25.630,17.927,250.500,15.000,218.900,21.590
2026,5,31,31,1.000,22.874,27.497,19.661,227.000,11.000,253.700,23.642
2026,6,30,30,1.000,24.560,28.800,21.943,817.000,18.000,220.600,25.473
2026,7,31,31,1.000,26.565,31.652,23.535,420.000,12.000,295.000,27.410
2026,8,31,31,1.000,25.890,30.577,23.355,432.500,19.000,256.200,27.100
2026,9,8,30,0.267,23.475,26.175,21.375,176.000,5.000,46.900,25.125
