year,days,cov_tmean,cov_precp,cov_sunshine,cov_soil0cm,tmean,tmax_mean,tmin_mean,dtr,gdd10,gdd10_doy100,gdd10_doy200,warm_season_start_doy,warm_season_end_doy,warm_season_length,chill_days_tmin10,cold_days_tmean12,last_cold_day_doy,summer_days_tmax30,hot_nights_tmin25,precp_total,rain_days_01,rain_days_1,rain_days_10,rain_days_50,rx1day,rx5day,sdii,max_dry_spell,precp_wet_season,precp_dry_season,sunshine_total,sunshine_daily_mean,ws_mean,tsoil0_mean
1990,365,0.984,0.000,0.984,0.000,20.281,,,,3696.400,22.000,42.000,117.000,325.000,208.000,,17.000,,,,,,,,,,,,,,,733.000,2.042,1.834,
1991,365,0.992,0.000,0.992,0.000,20.243,,,,3721.300,26.000,48.000,99.000,279.000,180.000,,23.000,,,,,,,,,,,,,,,808.200,2.233,1.648,
1992,366,0.986,0.000,0.986,0.000,19.617,,,,3486.900,34.000,63.000,116.000,287.000,171.000,,30.000,,,,,,,,,,,,,,,785.600,2.176,1.592,
1993,365,0.997,0.000,0.997,0.000,20.098,,,,3698.200,34.000,51.000,117.000,325.000,208.000,,28.000,,,,,,,,,,,,,,,936.700,2.573,1.573,
1994,365,0.943,0.000,0.995,0.000,20.092,,,,,,,93.000,293.000,200.000,,19.000,,,,,,,,,,,,,,,707.800,1.950,1.708,
1995,365,1.000,0.000,1.000,0.000,19.618,,,,3538.200,29.000,68.000,103.000,311.000,208.000,,44.000,,,,,,,,,,,,,,,777.900,2.131,1.624,
1996,366,0.989,0.000,0.989,0.000,20.020,,,,3642.000,30.000,64.000,117.000,317.000,200.000,,34.000,,,,,,,,,,,,,,,796.100,2.199,1.793,
1997,365,0.997,0.000,0.997,0.000,20.007,,,,3654.400,32.000,58.000,117.000,300.000,183.000,,26.000,,,,,,,,,,,,,,,715.900,1.967,1.681,
1998,365,0.940,0.000,1.000,0.000,20.896,,,,,,,84.000,309.000,225.000,,22.000,,,,,,,,,,,,,,,636.200,1.743,1.747,
1999,365,0.918,0.000,0.997,0.000,20.354,,,,,,,132.000,316.000,184.000,,23.000,,,,,,,,,,,,,,,581.300,1.597,1.799,
2000,366,1.000,0.735,1.000,0.000,20.464,,,,3840.900,15.000,45.000,125.000,336.000,211.000,,18.000,,,,,,,,,,,,,1767.000,,627.800,1.715,1.861,
2001,365,1.000,0.995,0.997,0.000,20.425,,,,3815.200,21.000,42.000,123.000,310.000,187.000,,23.000,,,,4099.500,201.000,172.000,67.000,19.000,499.500,961.500,23.750,17.000,3248.000,851.500,760.900,2.090,1.772,
2002,365,1.000,1.000,1.000,0.000,20.698,,,,3911.400,25.000,53.000,91.000,305.000,214.000,,22.000,,,,1797.000,170.000,133.000,46.000,7.000,136.000,313.500,13.372,27.000,1205.000,592.000,810.900,2.222,1.556,
2003,365,0.997,1.000,0.997,0.000,20.413,,,,3799.500,31.000,53.000,106.000,288.000,182.000,,36.000,,,,1861.000,152.000,130.000,51.000,6.000,158.000,200.500,14.231,19.000,1192.000,669.000,825.000,2.266,1.696,
2004,366,1.000,1.000,0.992,0.000,19.987,,,,3683.000,29.000,52.000,108.000,276.000,168.000,,26.000,,,,4189.500,173.000,141.000,70.000,22.000,415.500,582.000,29.599,20.000,2781.500,1408.000,801.300,2.207,1.671,
2005,365,1.000,1.000,1.000,0.000,20.174,,,,3756.300,35.000,54.000,117.000,319.000,202.000,,36.000,,,,4062.500,193.000,169.000,78.000,17.000,271.500,399.500,23.967,13.000,2714.000,1348.500,708.800,1.942,1.599,
2006,365,0.992,0.997,0.992,0.000,20.586,,,,3842.300,18.000,42.000,90.000,303.000,213.000,,17.000,,,,2648.000,201.000,163.000,76.000,12.000,129.000,276.500,16.129,16.000,1760.500,887.500,688.500,1.902,1.577,
2007,365,0.997,1.000,0.997,0.000,20.469,,,,3822.100,20.000,44.000,127.000,287.000,160.000,,19.000,,,,3674.500,209.000,175.000,90.000,16.000,397.500,513.500,20.900,16.000,2227.500,1447.000,713.700,1.961,1.506,
2008,366,0.948,1.000,1.000,0.000,19.956,,,,,,,120.000,182.000,62.000,,35.000,,,,3566.000,195.000,173.000,72.000,17.000,318.000,834.500,20.549,8.000,2634.000,932.000,914.700,2.499,1.605,
2009,365,0.981,0.986,0.466,0.000,20.008,,,,3609.300,31.000,45.000,127.000,321.000,194.000,,23.000,,,,2909.500,174.000,150.000,67.000,15.000,214.500,386.000,19.317,17.000,1529.000,1380.500,,,1.535,
2010,365,1.000,1.000,0.000,0.000,19.727,24.670,16.428,8.241,3584.700,28.000,44.000,121.000,299.000,178.000,41.000,35.000,88.000,100.000,0.000,3030.000,171.000,151.000,66.000,15.000,297.000,786.500,20.000,16.000,1343.000,1687.000,,,1.306,
2011,365,1.000,1.000,0.000,0.000,19.017,23.391,16.088,7.313,3332.600,53.000,79.000,125.000,298.000,173.000,68.000,60.000,115.000,89.000,0.000,3287.000,210.000,191.000,80.000,15.000,145.000,414.000,17.160,13.000,1473.500,1813.500,,,1.373,
2012,366,1.000,1.000,0.000,0.000,19.743,24.224,16.813,7.411,3586.100,36.000,61.000,132.000,273.000,141.000,36.000,31.000,92.000,93.000,1.000,3814.000,222.000,198.000,99.000,15.000,272.500,709.000,19.202,10.000,2659.000,1155.000,,,1.196,
2013,365,1.000,1.000,0.000,0.000,20.524,25.191,17.436,7.754,3846.400,24.000,42.000,124.000,294.000,170.000,31.000,19.000,64.000,109.000,1.000,3524.000,214.000,180.000,79.000,17.000,285.500,412.500,19.483,14.000,2268.000,1256.000,,,1.123,
2014,365,1.000,1.000,0.000,0.000,20.226,25.036,17.036,8.000,3743.000,31.000,56.000,106.000,285.000,179.000,46.000,36.000,80.000,114.000,3.000,3153.500,176.000,155.000,76.000,16.000,196.000,240.500,20.277,15.000,2077.000,1076.500,,,1.010,
2015,365,1.000,1.000,0.000,0.000,20.813,25.910,17.789,8.121,3952.800,29.000,55.000,74.000,334.000,260.000,28.000,23.000,105.000,130.000,2.000,3510.500,190.000,163.000,69.000,12.000,434.000,539.000,21.454,10.000,2701.000,809.500,,,1.173,
2016,366,1.000,1.000,0.000,0.000,20.857,25.676,17.787,7.889,3997.800,21.000,49.000,93.000,332.000,239.000,35.000,29.000,89.000,128.000,0.000,4149.000,219.000,203.000,100.000,23.000,314.500,375.500,20.399,13.000,2489.000,1660.000,,,1.170,
2017,365,0.995,1.000,0.000,0.000,20.514,25.148,17.496,7.652,3822.650,15.000,39.000,105.000,294.000,189.000,33.000,24.000,119.000,116.000,3.000,3123.000,187.000,168.000,87.000,13.000,197.000,558.000,18.533,19.000,1587.000,1536.000,,,1.225,
2018,365,1.000,1.000,0.000,0.000,20.612,25.707,17.485,8.223,3898.000,21.000,51.000,87.000,300.000,213.000,33.000,24.000,98.000,122.000,2.000,2849.000,193.000,165.000,82.000,14.000,114.500,329.000,17.182,13.000,1605.000,1244.000,,,1.152,
2019,365,1.000,1.000,0.000,0.000,20.816,25.431,17.988,7.444,3947.800,14.000,35.000,108.000,288.000,180.000,10.000,8.000,71.000,114.000,4.000,3041.000,199.000,172.000,78.000,12.000,244.000,539.500,17.602,12.000,2337.500,703.500,,,1.109,
2020,366,0.992,0.992,0.000,0.000,20.663,25.577,17.704,7.873,3887.400,16.000,43.000,120.000,313.000,193.000,21.000,15.000,105.000,122.000,3.000,2329.000,203.000,179.000,78.000,7.000,120.000,203.500,12.944,11.000,1212.500,1116.500,,,0.958,
2021,365,0.986,1.000,0.000,0.000,20.488,25.934,17.394,8.540,3794.400,31.000,47.000,86.000,294.000,208.000,31.000,25.000,84.000,145.000,0.000,3070.500,187.000,160.000,69.000,15.000,206.500,473.000,19.106,15.000,1859.000,1211.500,,,0.874,
2022,365,0.995,1.000,0.000,0.000,20.229,25.097,17.324,7.773,3725.200,27.000,59.000,112.000,334.000,222.000,24.000,24.000,68.000,117.000,1.000,4223.500,213.000,185.000,104.000,21.000,163.500,566.500,22.754,12.000,2132.000,2091.500,,,0.824,
2023,365,0.995,0.997,0.000,0.000,20.835,26.264,17.596,8.668,3948.200,14.000,41.000,122.000,315.000,193.000,36.000,22.000,72.000,136.000,3.000,2093.500,186.000,162.000,65.000,7.000,112.000,199.500,12.849,14.000,1218.500,875.000,,,0.763,
2024,366,0.926,0.989,0.000,0.000,20.791,,,,,,,88.000,319.000,231.000,,27.000,,,,2829.000,186.000,161.000,70.000,11.000,226.500,377.000,17.494,13.000,1607.500,1221.500,,,0.771,
2025,365,0.945,0.956,0.000,0.000,21.498,26.908,18.032,8.877,,38.000,60.000,106.000,296.000,190.000,41.000,26.000,104.000,161.000,41.000,2955.000,184.000,155.000,72.000,12.000,155.000,623.500,18.971,11.000,1526.000,,,,0.734,
2026,244,1.000,1.000,0.000,0.000,20.156,25.767,16.766,9.001,2495.600,36.000,56.000,99.000,,,30.000,22.000,74.000,72.000,0.000,2166.000,114.000,99.000,47.000,10.000,186.000,312.000,21.803,16.000,1927.000,239.000,,,0.560,
